sentiment,n,prop
negative,8,0.5714285714285714
positive,6,0.42857142857142855
